<?xml version="1.0" encoding="UTF-8"?>
<project-private xmlns="http://www.netbeans.org/ns/project-private/1">
    <editor-bookmarks xmlns="http://www.netbeans.org/ns/editor-bookmarks/2" lastBookmarkId="0"/>
    <open-files xmlns="http://www.netbeans.org/ns/projectui-open-files/2">
        <group>
            <file>file:/E:/Drive/School/Fall%202023/COE%20318/Lab%206/lab6/src/lab6/Circuit.java</file>
            <file>file:/E:/Drive/School/Fall%202023/COE%20318/Lab%206/lab6/src/lab6/Resistor.java</file>
            <file>file:/E:/Drive/School/Fall%202023/COE%20318/Lab%206/lab6/src/lab6/Node.java</file>
            <file>file:/E:/Drive/School/Fall%202023/COE%20318/Lab%206/lab6/src/lab6/MainClass.java</file>
        </group>
    </open-files>
</project-private>
